link,slug,section,subsection,date_published,title,summary,author,image_url,image_caption,content
,,News,Investigations,2004-03-01,Grated Politics: True Blue language,,Nick Cowen,,,"<p>Few would imagine Conservative Central Office worrying about being infiltrated by nationals of everyone's favourite ex-Soviet Republic, and yet a lucrative employment scheme with some UCL students led to a prohibition on Russians entering the building. While all parties, no doubt,worry about the financial situation of London students, only the Tories have taken an active role in providing relief. Several students, mainly foreign, were taken on as call centre sweats to poll voters on how they intend to vote at the next election and what might persuade them to go Tory. The pay is relatively generous and the hours variable.</p>
<p>Unfortunately, some students were a little over-enthusiastic and became aggressive when people were out or refused to answer questions. The spate of expletive-filled messages on the answerphones left in broken English on behalf of the Tory party has fortunately not penetrated the mainstream press. However, the poll managers took action and fired the group responsible. All miscreants were Russian and no more Russians have been allowed to man the Tory phones since.</p> "
,,Humour,Graphics,2004-03-01,Untitled Graphic: Issue 1,,Uncredited,,"""This is a fascinating coffee shop. I don’t see why they felt the need to stick a bookshop all the way round it.""",
,,Voices,Editorial,2004-03-01,Didn’t like this issue? Think you could do better? Good. So do we. ,"This issue [Issue 1] was cobbled together in a short space of time to prove that we exist and to spark some interest. The next issue will be released in the autumn, and everone [sic] is welcome to contribute to it.",Uncredited,,,"<p>We are looking for talented writers and artists, who can supply the articlkes, jokes, cartoons, artwork and news stories we so desperately need. This issue was produced by just a couple of people, but next year we will be holding an editorial meeting. We invite you to come along and bring whatever ideas you have, be they sensible or deranged (somewhere in between is usually a good sign).</p>
<p>The Cheese Grater is a UCL Union society, and to contribute, we ask you to join, by taking your ID card to the Clubs and Societies Centre (CSC) on the second floor of the Bloomsbury Building and paying the fee of £3. This goes towards the cost of publicity and photocopying the magazine.</p> 
<h3>Advertise!</h3> 
<p>We welcome advertising. Rates have not yet been fixed, but next year, you will be able to contact us to get advertising space.</p>"
,,News,Investigations,2004-03-01,Grated Politics: Ann Widdecombe,,Nick Cowen,,"Ann Widdecombe MP, star of Celebrity Fit Club and When Louis Met…, has suffered at the cruel hands of UCL Union 
Debating Society. Now it is time to give her the publicity she 
deserves… ","<h3>First, a little background…</h3>
 <p>UCL Union's own debating society tries to get in a good number of political bigwigs for its annual dinner debate. While the failure of Margaret Hodge to turn up (she agreed and then excused herself for the second year running) was much noted and joked upon, the absence of another great lady parliamentarian went by unnoticed.</p>
 <p>The former society president, James Berry, thought he had done well to get Tory MP Anne Widdecombe in to speak, but did not reckon on the potential cost. Miss Widdecombe agreed, with the proviso that her travel expenses be paid by the Union (first class, of course). In addition, she required that the debate be used as a stage to sell her new book.</p>
 <p>Not that she put it like that: her emissary said that the society ‘had an opportunity to make some money’: for each book sold they were prepared to donate 35% of the proceeds. So Miss Widdecombe sees fit to bribe people to boost her flagging media profile/book sales.</p>
 <p>Unfortunately, since Parliament sits on a Wednesday, she could not guarantee being able to attend at all. But she still expected to be paid in advance, for the mere possibility of her attendance; or perhaps she planned to send one of her delightful and highly publicised cats (Pugwash II or Arbuthnot) as proxy voters? It should be noted that other luminaries such as Boris Johnson promised to attend with no such demands; no, not even a stall to sell the Spectator from.</p>
<h3>Ann Widdecombe for the Nobel Prize for Literature!</h3>
<p>Not only is there that stunner of a book, but just read these uplifting lines, penned, no doubt, in a transcendental moment of domestic bliss:</p>
 
<p>“Goodness gracious, what is that?<br/> Mr Pugwash, my black cat;<br/> Goodness gracious, are there<br/> others?<br/> Yes indeed, my cat Carruthers!”<p> <p><i>(Both now believed dead – Ed.)</i></p>
<p>I ask you! Did Byron succeed in capturing the kaleidoscope of life so perfectly? Did the Rossettis? Or Ted Hughes? No, they bloody didn’t! Thank God for Ann, or there’d be nothing in British Literature worth reading!</p> 
<p><i>See follow-up article: Don't miss the chance to see... Ann Widdecombe LIVE</i></p>"
,,Humour,Humour,2004-03-01,Don't miss the chance to see... Ann Widdecombe LIVE,"To boost the popularity of Ann’s one-woman show, An Evening with Ann Widdecombe, we have kindly moved the events to more popular venues, when Ann is sure of a warm welcome. Come one, come all!",Nick Cowen,,,"<h3>19th May 2004 – UCL Halls Dope Smoking Festival</h3>
<p><i>Ifor Evans Hall, 109 Camden Road, London NW1</i><p> <p>Clasping a silken handkerchief to her nose to avoid getting mashed, Ann will address a public meeting and warn the assembled cannabis users that they face 10-year minimum prison terms under a Tory government, before being undermined by her fellow party members, succumbing to the fumes and diving into the canal, whence she will swim back to Maidstone.</p>

<h3>24th June 2004 – G-A-Y at the Astoria<h3>
<p><i>London Astoria, 157 Charing Cross Road, London WC2</i></p>
<p>Ann will act as a supporting act for Christina Aguilera and tell the assembled crowd that they are all going straight to Hell.<p> <h3>26th June 2004 – Live Tory Aid at Wembley Arena<h3> <p><i>Wembley Arena, Lakeside Way, Wembley</i></p>
 <p>Ann will MC and read poetry at an event to boost Tory party funds. Bob Geldof has promised to attend (although he warns that Parliamentary proceedings may call him away on the actual day.)<p>"
,,Humour,Humour,2004-03-01,The Gorgon Zola,"Lady Gorgon Zola, alumnus of UCL, actress, writer, amateur philosopher, wit, raconteuse and self-professed excellent cook takes the time to put her musings into words for the greater good of mankind…..",Uncredited,,,"<p>I woke today to discover the most momentous news item I’d heard in a very long time. Man on his way to shake man’s hand in tent. And then, sure enough, later on in the day, yes, man shakes man’s hand in tent. So, the ‘man 1’ was Tony Blair and ‘man 2’ was actually pariah/statesman in transition Colonel Gaddaffy who of course was a very very bad man but apparently now is considering being a good man and for this change of heart what does he get? To touch the hand of God! Or that’s what you’d infer from the way they keep going on about it. I’m sure Tony Blair would be very pleased to hear the importance given to the touching of this transitional ‘unclean/clean’ man. Maybe the truth is that Tony Blair is in fact Jesus Christ on his second coming and in touching Gaddaffy’s hand he has been able to purify and atone him of his insidious leprotic personality. Lets hope so. I’ve been waiting for the second coming for a few years now as I was promised it would bring lots of fireworks and parties!</p>
<p>Talking of parties, I’m sure you will agree that no party is complete without plenty of champagne. What I hear you call? ‘I can’t afford champagne you lunatic, I’m a student.’ Well, you bloody well can and the sooner you’ll start to enjoy life, the merriment induced is sine qua non. In fact it has been proven that persistent indulgence in this fine nectar results in a notable wellness of being. Note indulgence and not over-indulgence as this is wasteful and wanton and will be punished by God – see above. Rather a couple of bottles per week should suffice and you will notice the benefits immediately. Never has it been so easy or cheap. In my day there were only a few champagnes on the market and I would have to trail down to Sainsbury on Camden Rd and spend 27 pounds on a bottle of bolly. These days deregulation of the market = greater competition and depressed prices = happy me - hurray! For all you economists out there this is the true upside to free market economics. I can recommend for all you who are still salivating over the prospect of consuming a bottle of Sanatogen British Fortified wine ce soir on the basis that its cheap and it’ll get you pissed, go ahead and preserve yourselves in it. For those with taste, learn that with a tight budget in mind I can let you into a little secret. French appellation controllé means that only those wines produced in the champagne region can be so called. Few people know that the Loire and Burgundy – Bourgogne produce the same wines with the same grapes in the same way but as they are outside champagne they command lower prices. For maximum pleasure at minimum expense I recommend one of these notably Oddbins Cremant de Bourgogne at 7.49!!!!!!!! Go and buy it now: no one will understand the label enough to realise you haven’t bought the real thing making you look both generous and classy.</p>"
,,Humour,Satire,2004-03-01,Donlon Stundet - State of the Union,UCL Union has moved to ban all students from its organisation. A special report by Guest Political Correspondent GERRY THE GERBIL.,Nick Cowen,,,"<p>There were faint ripples of mild surprise on Monday when a UCL Union general meeting moved to “disaffiliate all students from the union.” The proposed amendment was put forward as an emergency motion just after the union elections. The grounds for the motion, officially, was that students are divisive in nature, prohibitive to the efficient running of the union, unhygienic and do not deserve any of the Union's money. This comes in the midst of a pressing need to increase interest in union politics. It is thought that the extreme motion may have been a thinly veiled attempt to encourage someone, anyone to turn up to the meeting.</p>
<p>General Secretary Stephen Fingleton, who wrote an article for Barely Legal magazine supporting the motion, and then voted against it, admitted “the important thing is that an audience turns up to vote; I am not too bothered which way it goes but the original union constitution was clearly anti-student affiliation.” It worked, as the meeting noted a stratospheric 0.02% rise in voter turnout. Others present, however, seemed to be taking the motion more seriously. “I hope it does get passed,” said one attendee, “it would mean the Union can finally get on with what it was founded for: arguing with university management and supporting pointless strikes to look more credibly left-wing.”</p>
<h3>Hateful union politics must stop</h3>
<p><i>By Mariyella Whingebag</i></p>
<p>I think it is absolutely appaling and horrible that people are putting forward motions like this one. Look at all the different opinions people are expressing. If we carry on putting up motions, and then other people disagree with the motions, everyone will end up hating each other and there’ll be a big war and then everyone will die and then there won’t be anyone left to be in student politics, I mean it’s too horrible to punctuate. We should never allow ourselves to risk disagreeing with each other in student politics. Instead we should all be drugged against rational thought <i>(cont’d. pp. 2-96)</i></p>"
,,Humour,Humour,2004-03-01,The Passion of Rick Jones,"That General Meeting saw a hapless student challenge the authority of the Chair, one Stephen Fingleton. And His wrath is terrible…",Uncredited,,,"<h3>Transcript</h3>
<p><b>Scene:</b> In front of the Praetorium of the General Secretary of the Judaean People’s Union, Pontius Pilate. An <b>Ugly Jewish Mob</b> has assembled, baying for blood. Near the front stands the <b>Jewish High Priest</b>, hot blood staining his face red, a college ID card blazing red through his breast pocket. <b>Rick Jones</b> appears before the crowd.</p>
<p><b>Jones (R. Jones):</b> I would like to call a motion of no confidence in the ch...</p>
<p><b>Jewish High Priest (S. Fingleton):</b> Crucify him! Crucify him!</p>
<p>The <b>Ugly Jewish Mob</b> is whipped up by his devastating rhetoric.</p>
<p><b>Ugly Jewish Mob:</b> Crucify him! Crucify him!</p>
<p><b>Pontius Pilate (S. Fingleton):</b> I call for a half-hour speech on why this man Jones should be crucified. <i>(Jewish High Priest raises his hand.)</i> Yes, sir.</p>
<p><b>Jewish High Priest:</b> Mr. General Secretary, this man is a tool of Margaret Thatcher, a vile poisonous Tory scumbag, an enemy of student democracy. He has committed blasphemy against My holy Name, by calling me a twat at the last general meeting. <i>(Cries of ‘Stone him! Stone him!’)</i> He should therefore be crucified, to show that is not fit to stand on this earth.</p>
<p><i>(At this, the <b>Ugly Jewish Mob</b> seize hold of <b>Rick Jones</b>, whip him, put a crown of thorns on his head, spit on him, jeer at him, nail him to a cross and watch him die in agony. <b>Andreas von Maltzahn</b> looks on in wonderment, almost too surprised to operate the shutter of his digital camera.)</i></p>
<p><b>von Maltzahn:</b> At last, a story for Pi magazine that people will want to read! But is there nothing against this in Standing Orders?</p>
 <p><b>General Secretary (S. Fingleton):</b> No.</p> "
,,News,Investigations,2004-10-01,The Honderich Affair,"Did you see that article in London Student about the UCL professor and his thoughts on terrorism? Here’s what happened afterwards, much to the credit of everyone involved...",René Lavanchy,,"Love letter to Alexi Duggins from Ted Honderich, via his lawyers. Note strange lack of kisses, scented notepaper","<p><b>ON 19 AUGUST,</b> Ted Honderich, retired UCL professor of philosophy, gave a lecture at the Edinburgh International Book Festival. Prof. Honderich was and is the author of After the Terror, a book about that most original of subjects, the way forward in The Post 9/11 World. This book had already caused controversy when it was published in 2002, due to its acceptance of certain forms of terrorism under certain conditions as being conducive to creating a better world. To sum up its most controversial point, the Palestinians are justified in terrorism if the consequences are overwhelmingly good. For two years, Prof. Honderich has been vigorously denying that he is an anti-Semitist or a supporter of terrorism in general. Then he issued his speech. It can’t have been the freshest thing on the menu at Edinburgh: it was a rehash of an earlier speech he’d given in Boston in March, and the basic issues discussed seem to be the same as in <i>After the Terror</i>. Afterwards, he gave an interview that was covered by several media agencies including – unsurprisingly given the subject matter – Al-Jazeera. So far, so good.</p>
<p>Then, for reasons known only to themselves, some people decided that now, and only now, was the time to complain. Among those leading the charge was Sam Lebens of UCL Union Jewish Soc., who didn’t think the lecture should be posted up on UCL’s website for all to see, and said so. And so it was that in early September, the whiz kids in Malet Street decided that this minor controversy should be splashed all over <i>London Student</i>. Together with a story about a King’s lecturer with a thing about burkhas, this made for a nice two-page spread. Shame, then, that such a heavyweight story - by <i>LS</i> standards – was not more sensitively covered.</p>
<p>The person who covered it, UCL’s Dex Torricke-Barton (SSEES II), is a shady character: in <i>LS</i> he goes by such curious <i>noms de plume</i> as ‘Dex Barton-Torrick’ or ‘Dex Barton’. To us, though, he’ll always be our Dex. While one can appreciate the strain of being <i>Pi Magazine</i>’s news editor at the same time, it seems curious that he didn’t talk over such a big story with his boss at <i>Pi</i>, Rosheen Kabraji. Had he done so, she might have remembered her own coverage of earlier anti-Honderich sentiments in <i>Pi</i> last year, and how it was qualified with mention of Honderich denying any anti-Semitism. But apparently, he didn’t. It must have been a busy week.</p>
<p>A busy week too, no doubt, for <i>LS</i> news editors Angharad Davies and Chaminda Jayanetti. Having (presumably) read Dex’s article, they decided that it needed no checking (the job that section editors in real papers are paid to do) and also that it merited ther headline ‘HONDERSICK’ and a strapline saying that Honderich branded terrorism against Jews “acceptable”. Never mind that the article didn’t back that up; never mind that the headline and strapline put the rather harmless retired prof somewhere between Heinrich Himmler and Jonathan King. Never mind also that Dex didn’t seem to have got approval from Sam for his quotations, given what happened next.</p>
<p><i>London Student</i> duly appeared, on September 20 or thereabouts. It raised a few eyebrows, and not just because of the exciting new masthead. Prof. Honderich didn’t like the coverage of his views on page 2, and Sam Lebens didn’t like the way he’d been quoted. In fact, he considered cmplaining, but decided against an official complaint; instead he wrote to Prof. Honderich to distance himself entirely from the article.</p>
<p>Cue punctilious letter to <i>LS</i> editor Alexi Duggins from the prof ’s solicitors, one Farrer & Co, of 66 Lincoln’s Inn Fields, WC2. “It appears that Mr Barton-Torrick [sic] has not read, never mind understood, Prof. Honderich’s paper. Had he read and understood it, the clear implication in the articles that Prof. Honderich is anti-Semitic would not have been made”, the letter claimed. More importantly, it highlighted inaccuracies such as the fact that Prof. Honderich was not back at UCL this term (being retired) as page 1 suggests. In fact, most of the inaccuracies were on the part of Angharad Davies, who wrote the front page article.</p>
<p>For journalists, inaccuracy is a Very Bad Thing; it violates Article 1 of the Editor’s Code of Practice of the Press Complaints Commission (PCC), which doesn’t bind student papers but is worth sticking to. For lawyers, however, inaccuracy is a Very Good Thing because it means a libel case. And this, predictably, is what Farrer & Co waved under Duggins’ nose if he didn’t immediately publish a reply exactly to Prof. Honderich’s requirements and pay his legal costs. What if Duggins had refused? Perhaps the the prof wouldn’t have been able to afford a protracted legal struggle (as libel cases can be).</p>
<p>But, bereft of an independent regulator and no doubt under pressure from his paymasters, Duggins caved in. The ensuing reply in the following issue on October 11 – complete with huge and unnecessary picture of Prof. Honderich staring out from page 5 – is far in excess of the PCC’s idea of a correction with due prominence, filling as it did the entire page. But this was not a proper newspaper, nor a clash of equals.</p>
<p>Everyone seems quite happy about it now though. Dex beams as he asserts that <i>London Student</i> has run up a sizeable legal bill, apparently ignorant of his failure to master some of the most basic tenets of journalism. Honderich appears pacified. And we can all relax in the assurance that the world of student media is just as badly run and regulated as ever.</p>
<p><i>See follow-up article: Journalistic Harm-ony.</i></p>"
,,News,Analysis,2004-10-01,Journalistic Harm-ony,Who did the real harm - Ted Honderich to race relations or the London Student news desk to journalism?,Mary Grace Nyugen and Colin Hoad,,Honderich and Dex Torricke-Barton,"<p><i>See article: The Honderich Affair.</i></p>
<p>“Monsieur l’abbé, I detest what you write, but I would give my life to make it possible for you to continue to write.” <br/><i>[Voltaire, in a letter to M. le Riche, 6th February 1770]</i></p>
<p><b>ACADEMIC FREEDOM</b> is something that philosophers of Voltaire’s enlightened breed struggled for in their lifetimes, and our culture should be seen in some ways as the fruit of their labours. Yet content such as London Student’s take on the reaction to Professor Ted Honderich’s ‘Terrorism For Humanity’ lecture can only make us wonder whether certain people have not lost sight of what it means to live in a free society.</p>
<p>Freedom of speech requires that we listen as well as speak, that we do more than swallow a few juicy soundbites lifted completely out of context from an article, speech or book. Not only did the author do this, but then he wrote as though handing down absolute knowledge of the lecture. Prof. Honderich’s writings contain plenty of quotable lines; that one may easily quote from him, however, should not relieve us of the duty of quoting him responsibly. Alas, this simple task is too often overlooked in the pursuit of sensationalism, a trend which no doubt finds its seed in the slums of student journalism. And so to the facts of the matter regarding the vilified article in question.</p>
<p>Prof. Honderich does not support terrorism the world over. His article ‘Terrorism For Humanity’ lends support to whatever means he deems necessary for achieving said goal. Terrorist actions that are undertaken in order to achieve the Principle of Humanity are to be thought of as contributing towards terrorism for humanity, hence the article’s name. It is this terrorism, and only this terrorism, which Prof. Honderich supports; acts like 9/11 and the hostage situations in Iraq are just as frowned upon by him as by any other human being.</p>
<p>Prof. Honderich does not support terrorism the world over. His article ‘Terrorism For Humanity’ lends support to whatever means he deems necessary for achieving said goal. Terrorist actions that are undertaken in order to achieve the Principle of Humanity are to be thought of as contributing towards terrorism for humanity, hence the article’s name. It is this terrorism, and only this terrorism, which Prof. Honderich supports; acts like 9/11 and the hostage situations in Iraq are just as frowned upon by him as by any other human being.</p>
<p>We do not have to agree with him that the suicide-bombings of Palestinians against Israelis are viable means to any end, no matter how laudable that end may be. No doubt Prof. Honderich would say we have no place to condemn their actions, as we are members of the affluent Western community, and thereby hold collective responsibility for not aiding the Palestinians in their plight. That, however, is all part of the cut and thrust of debate, and it is what makes academic freedom a great thing: that we can disagree over something without lambasting the other side for daring to express an opinion contrary to our own.</p>
<p>One of the vox pops in the <i>London Student</i> article claimed that Prof. Honderich’s lecture was offensive to all victims of terrorism, including Americans. But how closely did Torricke-Barton bother to read it? Honderich clearly states on a number of occasions throughout his article that 9/11 was wrong. Indeed, for the most part he condemns any form of terrorism. Nowhere in the article was this mentioned. His exception for Palestinian suicide bombers is made because he believes that the Palestinians suffer from Israeli state-terrorism and that their condition could be helped were it not for the majority of Western governments following a broadly pro-Israeli program in foreign affairs. Given that they can expect no help from the West, their only alternative (as he sees it) is to terrorise those who oppress them. Whether we agree with Prof. Honderich on this really doesn’t matter; the point is that he did not simply express an unjustified opinion on the issue as though it were fact, nor was the proposition he made anywhere near as far-reaching as has been stated in bits of London Student. He wrote an article that set out his views and the reasons he has for holding them. As intelligent readers, it should be up to us to decide whether or not we agree; if not, we should remember that we don’t have to like it.</p>
<p>It is not for journalists to make up our minds for us, not when their sources consist of a few straggly words dressed up in quotation marks and spun into a story so far removed from truth as to be almost unrecognisable. Academics, like anybody else, are free to say what they wish. Above all, they are entitled to the respect of having their speeches heard and their writings read in full, and described accurately by all parties. Prof. Honderich is no exception.</p>
<h3>Correction</h3>
<p>In our last issue (No. 2, Octo ber), we referred in the article ‘Jour nalistic Harm-ony’ to ‘one of the vox pops in the London Student article’. This referred to a prepared interview with Danny Stone, campaigns organ iser for the Union of Jewish Students, for London Student, and not a ‘vox pop’ in the accepted sense of inter viewing a passer-by. In fact, I inserted the word there myself, and apologise for any misunderstanding - Ed.</p>"
,,News,Analysis,2004-10-01,A big black waste of space,"UCL News: so useless, you can’t even make a paper plane with it",René Lavanchy,,,"<p><b>HERE AT UCL, we don’t go in</b> for media in a big way. Down at Im perial, in addition to the official col lege paper, the <i>IC Reporter</i>, there are three weekly newspapers and a well kept news website, Live! Whereas we at UCL have <i>Pi Magazine</i> (the Union thing) and <i>UCL News</i> (the college thing). Unfortunately, <i>Pi</i> is unable to cover news, being monthly, and <i>UCL News</i> is controlled by a bunch of nar row-minded staff. The sole purpose of this largely empty paper, printed on expensively black paper for no ap parent reason, is to aggrandise the ac tivities of the Provost and his staff, however trivial they may be. And so student news goes unreported. In April, <i>The Times</i>’ website reported that Bartlett student Dan Brady had had an architectural model bought by millionaire art collector Charles Saatchi. Incredibly, UCL’s futile me dia relations office didn’t notice. UCL News was too busy telling us about how they’d given Lynne Truss a fel lowship. Well, hooray for Truss; I bet she desperately needs recognition with that bestselling punctuation book.</p>
<p>Last term, then media and com munications sabb Andreas von Malt zahn tried to start an independent UCL newspaper. He failed, because College refused the money. Well, we have an idea. According to an estimate from Bam UK, <i>Pi</i>’s printers, <i>UCL News</i> costs about twelve grand a year. How about scrapping that black white elephant and using the money to fund a newspaper that takes some notice of student achievements?</p>"
,,Humour,Satire,2004-10-01,The Campaign for Giving Us Your Fucking Money,UCL has hit upon a bold and original idea in British higher education. It is going to beg for money. Nick Cowen forks out,Nick Cowen,,"UCL Provost and President Malcolm Grant tries his hand at selling worthless publications to his own staff, in a shining example of the new progressive fundraising drive.","<p><b> BRITISH UNIVERSITIES</b> must look to the fundraising efforts of the homeless and drug-addled, UCL’s provost warned this week.</p>
<p>As UCL launches its “Advanc ing London’s University Global Cash Grab” campaign, Professor Malcolm Grant, provost and president of UCL, spoke of the seemingly British attitude towards begging on the street: “We need, in the university sector, to ac tively develop a culture of begging for funds.” “Naturally, we will start by begging off alumni,” Grant enthused, “particularly the rich ones like Ricky Gervais and that bloke from Coldplay <i>(Mr Grant was evidently unable at the time to lay his hands on an issue, any issue, of Pi - Ed.).</i> They ought to be able to spare a few grand. Then, once we’ve pissed them off, we will start on friends, family and colleagues. But I don’t see why we have to stop there. When we have made everyone ashamed to even know us — I’ve al ready done this with my mother-in law — we will accost members of the public until they give us a few pence just to make us go away. Grant ex plained his philanthropic underlying motives: “Just look at the United States. Harvard have got tons of mon ey, but I’m stuck over here. For Christ’s sake.” The provost then set off towards Euston Station, wander ing up to random members of the public saying, “Hello, I’m sorry to bother you, I’m not begging, I just need a couple of pounds for the Tube…”</p>"
,,Humour,Humour,2004-10-01,Stuff we dug up from a bin,"In a sensational reinterpretation of the terms of the Data Protection Act, we take a look inside the e-mail inbox of Professor Steve Jones...",Uncredited,,,"<p>---------Original Message ---------</p>
<p>From: “Arkansas Smith” <arkansassmith@koolgenetic s4kids.net></p>
<p>To: “Steve Jones” <candiefloss69@ucl.ac.uk></p>
<p>Subject: PhD research post...pretty please!</p>
<p>Dear Prof. Steve Jones,</p>
<p>I hope you do not mind my writ ing to you! For I know you are a most fect for the post. I’m from K**gs you know, studying B****gy, and all my friends think I’m a bit mad!!! prodigiously busy man, what with your sporadic appearances on Newsnight (how is the lovely Kirsty Wark by the way?), in fact your general permanence on our illuminated screens, and — of course — your most beloved and re spected popular science books. How ever, it has not escaped my notice that you are advertising for a PhD student to work on your animal of choice, the noble and admirable Cepaea snail. And you know what? I think I would be perfect for the post. I’m from K**gs you know, studying B****gy, and all my friends think I’m a bit mad!!!</p>
<p>You might be wondering why you should give me the post. Well, genetics has always captured the imagination of my fully-formed mind; it must date from my seeing Jurassic Park for the first time ever. The splendour and glo ry of those dinos! Oh, the unfortunate critters, dealt such a cruel blow by fate. I have to confess that it has always been my ambition to create something truly awesome - a live dino. Just one, of course - we by no means want ram paging dinos all over the shop! As you can tell the moral and practical mes sages of Jurassic Park have not passed me by…Actually, come to think of it, the subjection of one dino to a life of earthly loneliness is a bit cruel. And a paucity of ethics, I think you’ll agree, is against everything modern genetics and UCL stand for! Maybe two dinos then? My God, we could even have fights à la Pokemon! (poke-‘im-mon!). Food for thought, no? Dinos: more al luring than snails? Hope to hear from you soon!</p>
<p>Yours truly,</p>
<p>Arkansas Smith</p>
<p>P.S. A copy of my CV is enclosed.</p>
<p>P.P.S. I greatly enjoyed your talk at the European Socialists’ Forum meet ing! Now, if only we could get hold of some Cro-Magnon man DNA...</p>
<p>--------------------------------------</p>
<p>It’s fast, it’s easy and it’s free. Get cloning your kid brother/sister today!<p> <p>http://www.koolgenetics 4kids.net/legal_disclaimer.html</p>
<p><i>No no no, Biology researcher wrote this</i></p>"
,,News,Investigations,2004-10-01,The great London Student Debacle of 2004,"Last year, King’s College London Students’ Union banned London Student from their grounds, in a move which seemed to turn the principle of press freedom on its head. How did this happen? The Cheese Grater has been investigating for months. Now that the minutes of the Eighth ULU Council are out, a tale of incompetence and shady motives at ULU has been revealed...",René Lavanchy,,,"<p>The high jinks of student unions, whilst interesting to other students, are of little import to the supposedly more cut-and-thrust world outside. And yet last summer, one particular student bunfight, centred on the hallowed halls of Malet Street, WC1, and of Surrey Street, WC2, made its way into the real, professional mass media. Not just the EducationGuardian website– which covers all SU events, not least UCL’s, quite obsequiously – but The Guardian’s student print edition, The Daily Telegraph (twice) and The Times Higher Education Supplement. And it all happened when a UCL student wrote an article in with the word ‘fuck’ in it quite a lot. How could it matter? And why does it still matter? Herein lies a story not just about what our lords and masters do on the fourth floor of the ULU building, but about how student unions do and don’t work, and whether we have any hope of freedom in a little world fraught with divisions, alliances and the enemy, bureaucracy…</p>
<h3>The Ban</h3>
<p>Here’s what everyone knows. On 25 May, the last issue of London Student for the year was published by ULU. The executive committee, commonly known as ULU Exec, simultaneously issued a statement distancing themselves from its content. “Specifically,” it said, “we wish to apologise to any one who is offended by the language or the quality of the article on the left-hand column of page 8 of the current edition.” The column in question was the regular opinion piece penned by Stephen Fingleton of UCL (Exhibit A). As you can see, it contains the word ‘fuck’ 77 times, excluding the title. Why they objected to it is anyone’s guess, but on the same day, David Dunne, president of King’s College Students’ Union (KCLSU) e mailed ULU Council, telling them he was banning London Student for that one article. “May I register my disgust at this irresponsible and despicable article,” Dunne spluttered. “Any article which gratuitously and unnecessarily uses the word f**k (75 times) [sic] and treats issues such as HIV so glibly and irresponsibly should not be allowed to appear in any Newspaper, let alone one which is paid for by the students of the University of London”. He went on, to then LS editor Lila Allen: “please do not send any copies to King’s, we do not wish to stock this issue thank you and any received will be duly recycled”. The issue became widely discussed – at least on student message boards. Events came to a head at the last meeting of ULU Council of 2003/04 on June 1st. A motion of censure had been brought against Allen. It was defeated. Another motion, brought by her and defending her position, was carried, by 17 votes to 15. The second motion was itself signed by dozens of supporters, including 18 officers from the University’s many colleges as well as LS contributors.</p>
<p>Why were all these people expressing such strong views over one article which, had it been overlooked, could have been dismissed as meaningless? Had such passions - enough to keep thirty-eight dedicated people voting in the dining hall at Imperial College Union for over two hours that night – arisen from nowhere?</p>
<h3>A Little History</h3>
<p>Stephen Fingleton is someone most people who dip their toe into student politics at UCL eventually comes up against. In his second year, the hirsute Ulsterman both wrote a column (“The Column”) in LS and edited the opinion page. Fingleton is an opinionated man (‘he’s a fuckin’ cock’ is a favourite character appraisal), he dabbles in many art forms, from electronic music to film, and his attitude is often decidedly sphinx like. Unsurprisingly then, the content of The Column defied convention and acceptance. When his meaning was clear, it was clearly brutal. After attacking the Irish, UCL Union coffee (and all those who served it) and abortion without pausing for breath, he built up a healthy chorus of disapprovers who read and hated his column all over London. The letters flowed in. They did not like his views on the Irish, nor his proclivity for talking about masturbation. And when he wrote about being charged with murder, some people got really worried. “Eventually,” Fingleton reflected, “a question was raised at ULU Council about the article over the possibility of libel. Editor Lila Allen noted the article could not be ‘libellous’ as the girl did not exist.” And there’s the point: much of what Fingleton wrote was a big joke, a grotesque jab at his critics to preserve the momentum of what he’d started and a Baudrillardesque subversion of reported truth. This has, of course, been done in newspapers before: when Dom Joly wrote a column in the London Evening Standard, he successfully persuaded many people that he was married to Shania Twain. But Joly did not have students’ union officers to contend with. Nemesis was on its way.</p>
<h3>How not to censor a newspaper</h3>
<p>London Student enjoys effective editorial independence – the content does not necessarily represent, blah blah – but the editor is a ULU sabbatical officer, and is answerable to ULU Council. And so it seems that, when people over the course of the year had a complaint to make about LS, they complained not to the editor, but to ULU. Fine; but that shouldn’t have stopped the complaints from being passed on to the editor. And so it was that, when ULU Exec met on May 4th this year, they had some issues with the paper. Well, with Fingleton’s column, actually. According to the distinctly vague Exec minutes, it was agreed by the eight officers there that ULU is harmed when LS offends people, and ULU should be able to intervene. The article where Fingleton purported to have cut his arm open at NUS Conference – a fabrication – was said to have “undermined ULU’s educational work with mental health charities”. Yet no letter had been sent to the paper. Were these eight people representing the views of students across London, or merely their own? Chris Piper, then president of ULU, told The Cheese Grater: “Of course they express the concerns of the people at the executive there. They are elected officers; they do represent students across the University of London”. Trouble is, do elected officers seek out and then represent the views of the student body as a whole? Do ours</p>
<p>ULU Exec made the incredible assertion that “LS should not print any more articles from this columnist”. Also, “it was suggested that the Editor may be intimidated by the columnist in question”. Finally, it was agreed that the union general manager and incoming editor Alexi Duggins would prepare a strategy paper for London Student. What does the strategy paper have to do with the complaints? Lila Allen was not told of either and, not being on Exec, had no particular way of finding out. If Exec appears to agree to something in its minutes, that usually amounts to policy. But Exec has no right to pronounce editorial policy at London Student! Piper admitted as much later, but why didn’t he clear it up at the meeting?</p>
<p>So, nearly a month before the offending issue was banned by King’s, the majority of ULU Exec wanted Fingleton out, and were happy to discuss this, along with other issues relating to the paper, behind Allen’s back.</p>
<p>Subsequent to this meeting, Lila Allen met the general manager and Chris Piper for a routine meeting. In an interview for The Cheese Grater in June, Piper told us that Allen brought up the subject of Fingleton’s mental health. But according to Allen, the first question she was asked was if she was afraid of Fingleton. This she denied. Nor did she have much time for the idea that the tales of self harm and masturbation were a “clear cry for help”. Piper apologised for any misunderstanding. Who’s lying so far? If Allen, she may have been trying to cover up for secretly thinking Fingleton off his head. But if Piper lied, a more sinister picture emerges: of an agenda being slowly advanced, an agenda to discredit his fellow sabb.</p>
<p>Fingleton wrote his momentarily famous ‘fuck you’ article on 17 May. As per usual, ULU Exec saw an advance copy of the paper, on Friday 21 May. At this stage, of course, no-one outside Malet Street had seen the finished paper, and hardly anyone had had a chance to read The Column. Piper immediately objected to the article (Exhibit B). Lila claims that Piper asked her to remove all the swearwords. This wouldn’t have left much (Exhibit A again), except the ensuing thank-yous. Piper denies he said this. Exhibit B, however, suggests otherwise. By the end of Friday, it would have been clear that the article was going in.</p>
<h3>The King's Sieve</h3>
<p>At least three members or ex members of KCLSU, including president Piper himself, sat on ULU Exec in the 2003/04 season. Everyone, including then KCLSU student affairs vice-president Toby Boon, agrees that one of the Exec members decided to leak London Student to their lord and master, KCLSU president David Dunne. Why was it leaked, and why to Dunne? The events are explained if we hypothesise that Chris Piper wanted to hit back at London Student. After alienating ULU Council by stubbornly opposing a top-up fees demo, Piper probably couldn’t rely on many people in Council to help him out, unless he had rewarded them in some way. And it so happened that, earlier in May, Piper had done just that: he’d bestowed the prestigious President’s Award of honorary life membership of ULU, for outstanding contribution thereto, on…his successor as KCLSU president, David Dunne. For what? According to fellow ULU Exec member and then medical students’ officer Johann Malawana, for “doing nothing”.</p>
<p>It was not until the ULU Exec meeting of May 24th that Lila Allen found out about the statement prepared by Exec. The statement said, inter alia: “We…accept that as a consequence of this [editorial independence] sometimes what is published will be critical of elected officers and SUs or of poor quality in our opinion.” Not only did ULU Exec feel that the disclaimer about ULU printed in every issue was not enough, but they felt able to speak on behalf of the entire union; a remarkable feat for eight people. The next day, David Dunne took president’s action to ban the paper. As Dunne said at the time and Toby Boon later told us, the article was considered in breach of KCLSU’s equal opportunities policy: “I felt there was a breach of the equal opportunities, because of the blatant dismissal of people’s core values and belief systems, in a way that it was very, very difficult to have any kind of right to reply”. The sheer meaninglessness of such statements as “fuck gay marriage rights” in the context of the article appeared to have passed him by. Dunne claimed in the EducationGuardian that “we had complaints from students who felt uncomfortable because of this article”. That would have meant students wandering into his office and reading the advance copy, which is exactly what Boon told The Cheese Grater they did do; but there can’t have been that many of King’s 18,000 population trooping in and out of the sabbatical office in Surrey Street that day. The newspaper was threatened with being pulped, just as UCL had done with London Student in 2001, and Dunne directed his minions to draft a motion of censure against Lila Allen, to be submitted to the next ULU Council on 1 June, even though it was only a week away on 25 May and the deadline for motions had passed.</p>
<h3>The Fight Back</h3>
<p>If Chris Piper and David Dunne could be seen as part of a faction, then it inevitably follows that Lila Allen had one of her own. Fingleton and friends immediately rallied to the cause, vowing to put their own motion (vide UCL Union message board). Between 25 May and 1 June, Allen drafted her own (emergency) motion for ULU Council, “Freedom of the Press”. It is probably at this time that she also alerted her contacts in the national press to the unfolding story. Someone even managed to ring up John Peel and get him to condemn the King’s censorship; and (no doubt through Allen’s chum Simon Hogg at Canary Wharf) the story eventually made its way onto The Daily Telegraph. Whether we believe Fingleton, who said someone tried to get a statement from Terry Wogan, is another matter. It may just be one of his Irish jokes.</p>
<h3>The Reckoning</h3>
<p>David Dunne was not present at ULU Council when it convened in the Beit Quad on Prince Consort Road on the evening of Tuesday 1 June. Toby Boon was there to represent him, and to deliver a motion of censure he insists it gave him no pleasure to propose. Though late, it was introduced as an emergency measure, and its validity is debatable. In the opposite corner was Olivier Usher, UCL Union councillor and LS features editor, wielding a motion for Lila Allen, who was herself present. But the motions had to wait. By all accounts it was a lively meeting: “Lila Allen didn’t put her bloody delegate card down once,” a King’s observer later wrote. Both advocates and critics of Allen and friends agree that the meeting was endlessly delayed by a barrage of procedural motions, apparently brought by both sides in an attempt to make each other’s supporters give up and go home. Only after hours of bobbing up and down were the key motions arrived at. Matt Cooke, then ULU officer and current president, made a speech in favour of not putting the motion of censure, and instead proposing a review of London Student. But by then, both sides were too far gone. The motion of censure crawled over a barbed wire fence of five procedural motions, one guillotine vote (a vote to extend the maximum running time of the meeting) and even a quorum count, only to be defeated by 18 votes to 12. Then came the return punch. The motion on freedom of the press was tied the first time round; on a revote, it was passed by one. Boon and Piper expressed their disappointment at the conduct of the meeting; in response, Allen said: “Not sure whether Chris is disappointed that the censure against me didn’t go through or that I won my motion? Who knows?”</p>
<h3>So What?</h3>
<p>The old guard are gone. Perhaps Chris Piper will land his plum job at UNISON; perhaps Lila Allen will get on Channel 4 News like she so dearly wants to. But this episode was crucially important. Firstly, had Allen been censured, it would have set a remarkable precedent for the regulation of LS; namely that it is subject to the whim of college student unions. The paper’s relationship with student officers and staff is sticky enough as it is; it needs more independence, not less. Only an independent adjudicator can offer both safety for the paper’s editor and credible regulation for its readership; but this seems impossible to fulfil under students’ union conditions. If, however, ULU’s constituent bodies had behaved themselves, London Student might never have been banned in the first place. At best, the activities of Piper, Dunne and co. are typical of the officiousness of student officers, so often more eager to run lofty-sounding campaigns and search for breaches in their protocols than to make students feel part of something big. At worst, they amount to a connivance to discredit both Lila Allen and Stephen Fingleton. Rob Park, now a ULU sabbatical officer, expressed at the time his “sneaking suspicion” that there was a “witch hunt” going on.</p>
<p>Students do not fund their unions to engage in such petty point scoring as occurred at ULU in the summer. More importantly, they deserve not to have their activities and channels of expression choked and tied up by distant sabbaticals with dubious motives and no idea of how journalism works, even in reduced, student form. London Student, as has been pointed out, is an amenity, a facility for London students to use and read. It is not a ULU newsletter, and however much ULU’s masters may agree with that, it has not stopped them from illogically, stealthily and unacceptably interfering with the freedom of the press. These were our elected officers; and if we get the student officers we deserve, we all have something to answer for.</p>
<p>Have things got better? See <i>The Honderich Affair</i>.</p>
"
,,News,News,2004-10-01,"XFM to save...er, what, exactly?",A recent article in London Student painted a rather rosy picture of XFM bailing out student radio. Too rosy for the bloke actually IN the picture...,René Lavanchy,,"Hey, Ed! Bet you didn’t know XFM are bailing you out. The funniest part is, they don’t know either!","<p>ON 2 AUGUST THIS year,London-based radio station XFM put out a press release saying it was “throwing a lifeline” to student radio ater the collapse of their main funder, the Student Broadcasting Net work (SBN). This was reported, some what flatteringly, on Guardian Unlim ited. Then along came London Stu dent news editor Chaminda Jayanet ti, who decided to write about it. Or, to be more accurate, he decided to copy out the Guardian article with out bothering to acknowledge it and then get one measly quotation from someone at Goldsmith’s. Bless you, Cham; we know you’re a nice man (even though you’re from Strand Poly) and capable of writing better than this; but the fact is, your plaigarism has caught you out.</p>
<p>XFM are not about to just start giving student radio stations money. As Matt Treacy, secretary of the Stu dent Radio Association, told The Cheese Grater, XFM offers a differ ent deal to each station, subject to discussion and in return for the sta tion playing XFM’s night sustainer service. Apart from ‘funding for li cences and radio equipment’, XFM make no mention of giving money.</p>
<p>The article found few friends at UCL’s radio station Rare FM, which needs to make up a £3000 shortfall after SBN’S demise. When the article appeared, Rare FM treasurer Fiona [INSERT] could be heard sounding off about XFM in the Clubs and So cieties Centre. And not surprisingly: although XFM are not supporting Rare FM in any way, shape or form, the article was illustrated with a pho to of a DJ, recognisable to many as Rare FM head of programming Ed Jefferson, who promptly e-mailed The Cheese Grater to tell us of this. “I wasn’t told it had anything to do with the XFM story,” he insisted, “just that they wanted a picture of the Rare FM studio!” Nor does Rare FM station manager Frankie Roberto expect much help from the station. “I think the main reason XFM are looking to act as a student sustainer service is simply to promote their radio station to students outside London...I doubt they’d be as interested in supporting us as we’re London based anyway.” He concudes: “Whilst it’s great that they’re offering some support ...they’re not filling the gap SBN left by a long way.”</p>"
,,News,News,2004-10-01,Party pooper: UCL boy screws up Tories,,René Lavanchy,,,"<p>ON FRIDAY 1 OCTOBER, the UCL Union Conservative Society’s typically glitzy term card gushed, there would be a “champagne and canapés reception” at Stringfellow’s nightclub. And so there was, and Mr Peter Stringfellow himself (a notable Tory donor) made some witty com ments about Tony Blair’s heart con dition. What did he say again?... I can’t quite remembwer, it was all a little hazy...</p>
<p>Oh yes, that's it.</p>
<p>Fortunately for society president Alan Ross, it wasn’t his party. The UCL Tories were attend ing an event hosted by Conservative Future West London branch (new name for the Young Conservatives).</p>
<p>So who organised this party? Step for ward CF West leader, UCL’s very own Annesley Abercorn of SSEES! It is understood that Tory Central Office have not hired him for PR yet.</p>"
,,Reviews,Reviews,2004-12-06,Attack of the Never-Ending Musical,UCL’s Garage Theatre was witness to a feature-length curtain call recently...,Nikolai Morofski,,,"<p>HISTORY WAS MADE at the Garage Theatre on 28th November when the booked entertainment ex tended beyond the script’s end by the longest ever recorded curtain call (in Gordon Street, anyway). Pagoda Street, a musical written and directed by De clan Ee, provided an evening packed full of love, deceit, sin and redemp tion mixed in with some powerfully intoxicating humour. The wit and schmaltz reached a sentimental cre scendo at a beautifully acted marriage proposal scene, and the complemen tary CD of the music will remain a prized possession by many. The great ambition of this production was clear, and its success even more so.</p>
<p>Yet this was not the end! Indeed it was barely even the beginning of the end! No, a curtain call and encore continued the story for another three acts. First the actors were all present ed with roses, then the numerous crew were brought out to take their ap plause. Act two saw Declan himself make an illustrious appearance. He made a series of monologues about the cast, the crew, the play, the audience, the night, his friends, his parents and his cat. He then entered into a medi tative speech, complete with a coastal wave soundtrack, which implored the actors to allow this moment on stage to stretch on forever. At the same time, no doubt, a few of the audience mem bers began to wish their bladders could stretch on forever.</p>
<p>Act three picked up the pace a little with a few more delightful songs from the cast, sending up elements of the performance. This clever extra material would have been most wel come had it not combined with the previous act to ensure that this alco holic hack missed his crucial post-the atre drink. The Cheese Grater congrat ulates all involved on a magnificent performance but implores the Musi cal Society to take action, and demand a thirty second time limit on all direc torial/authorial speeches (Some hope — Ed.).</p>"
,,News,Union,2004-12-06,Hail to the Chief,,Uncredited,,,"<p>MATT COOKE, newish presi dent of the University of London Un ion, got a sardonic reception when he went to the LSE recently to talk about Transformation, the proposed recast ing of ULU’s services and building.</p>
<p>The students of Aldwych Poly are notoriously ungracious to students’ un ion leaders — perhaps because they’re not set on careers in banking — and this was to be no exception. One au dience member asked Cooke which college of the University he hailed from. The Royal Academy of Music, he replied. “Sing us a song!” someone piped up.</p>"
,,News,News,2004-12-06,UCLH bed cock-up - fit for 21st century?,,René Lavanchy,,,"<p>THE NEW UNIVERSITY COL lege Hospital building looks set to open on schedule in April 2005, and all the services currently offered by the Middlesex Hospital will move there presumably with its medics.</p>
<p>The UCLH NHS Trust website is predictably gushing about the new building, proffering statistics galore: 97 metres high, 100 kilometres of ductwork, 2400 PCs, 3000 ‘vision panels’...but one figure is left out. The width between beds is just 2.7 metres, according to Private Eye on Novem ber 26 — less than the minimum de manded by new rules to combat the MRSA bug.</p>
<p>Why build a new hospital anyway?According to the website, “We do a large amount of this work in con ditions at The Middlesex and Univer sity College Hospitals, which are rap idly becoming unsuitable for 21st cen tury healthcare”. Presumably expos ing patients — and UCL medical stu dents — to an illegally high risk of infection is suitable, then.</p>
<p>Medical students and sites’ of ficer Vishali Thakrar was unavailable for comment at the time of going to press.</p>"
,,Humour,Satire,2004-12-06,"UCL NEWS: Issue 03, Volume 02",[Archive Note: Treat this like it's the page summary of a print issue.] Pro-Provost’s wife appears on ‘Richard and Judy’ 2 UCL voted ‘University of the Year’ by the ‘Daily Mail Good Citizens’ Guide’ 2 PhD students sell selves to Wellcome Trust in return for a sandwich 3 Third Rawnsley Symposium fails to start 4 Survey announces dog 4 Rape 5 Sanitary towels 6 Hello is anyone reading this bit 7 God raped with mango chutney 8 Obviously not 642,,,,"<h3>Provost’s new moustache unveiled</h3>
<b>New hair appendage to ‘maximise global benefits to staff and students’</b>
<p>On December 1st, in a lavish ceremony in UCL’s Old Refectory, the late Princess Margaret unveiled the new moustache of UCL Provost and President, Professor Malcolm Grant. The moustache is just the lat est in a series of innovative amenties that will enhance UCL’s status as a world leader. “It’s over 40% big ger than my last moustache,” en thused Grant, “and only costs as much as a racehorse to maintain.”</p>
<h3>Bentham received even more recognition</h3>
<p>Unsatisfied with an effigy, a cocktail, a common room, a pub, and numerous references in any literature relating to UCL, the guy who just won’t die has got a plaque too.</p>
<h3>UCL In The News</h3>
<p>UCL requests £300million from its alumni</p>
 <p>UCL asks its more famous alumni to ask the public for money</p>
 <p>UCL asks Americans to come and help them make money</p>
 <p>UCL professors advise that to maintain buildings will require more money</p>
 <p>And in a striking break from tradition, the Petrie Museum receives some money, although only a puny £13.5 million.</p>

<h3>Private View</h3>
<b>What is it?</b>
<p>A small plastic cup, significantly battered.</p>
 <b>How old is it?</b>
 <p>Experts reckon, using a new dating system, the cup could have been abandoned as long ago as last Tuesday.</p>
 <b>Where is it?</b>
 <p>UCL, one would hope.</p>
 <b>How did it get there?</b>
 <p>Mystery surrounds this issue, and theories abound: while some maintain it is clear evidence for quantum tunnelling in macroscopic objects, others insist it was dropped by a bloke.</p>
 <b>What makes it special?</b>
 <p>Again, there is some debate on this point – some claim to have seen an image of Jesus in the cup, whereas others say it more strongly resembles Elvis. It has also been hypothesised that the complex arrangement of creases on the side encodes a chemical formula which could halt, or at least slow, the ageing process. On the other hand it could contain nothing but coffee dregs.</p>
 <b>What else is in the collections?</b>
 <p>The ‘Stuff Wot I found in the Cloisters’ collection contains many stunning examples of rococco packaging and contemporary persuasive art; also several rare flyers and the centrepiece of the collection, an old bus ticket.</p>
 <b>Who uses the collections?</b>
 <p>‘Uses’?</p>
 <b>How can I view it?</b>
 <p>Cast your eyes to the picture above, dear reader.</p>
"
,,Humour,Satire,2004-12-06,"""pi magazine"": december 04, issue 648","Can YOU spot all the spelling mistakes in this issue of Pi??? If so, don't bother running for an editorial position!",,,,"<h3>Coldplay “fucking tired” of being mentioned in Pi</h3>
<p><b>by DIRK PLODDER</b></p>
<p>COLDPLAY, the band who formed at UCL and made it a hip and fashionable haven for all self respecting students whose parents are investment bankers, announced yesterday after reading the Freshers’ Issue of Pi that they are fed up of being mentioned in the magazine, and never want to feature in it again.</p>
 <p>Jonny Buckland, guitarist and former resident of Ramsay Hall, said on the Guardian website: “We’ve had enough. We’re just fucking tired of being the only thing that can widen UCL’s appeal beyond people too stupid for Oxbridge who can afford London bar prices. Especially when that obviously hasn’t worked.”</p>
 <p>Fortunately, UCL’s media promoters need not worry. Pi, which used to be edited by Jonathan Dimbleby by the way, can exclusively reveal that UCL alumnus Ricky Gervais, who since the success of of ‘The Office’ spends his days doing circuits of Russell Square trying to get noticed,is still happy to be featured in Pi.</p>
 <p>Meanwhile, we will try and whip up the media profile of Digby Jones (Laws 1977), the chief executive of the Confederation of British Industry, into that of a rock band. Failing that, I suppose we could try with that woman from Elastica.</p>
<h3>Leeds students ‘anti-pencil’</h3>
<p><b>by SALLY HUMPHREYS</b></p>
<p>A NEW STUDY by Leeeds University has proved conclusively and for the the first time ever that Leeds students don’t really use pencils any more.</p>
 <p>The research, conducted by the university’s centre for cultural studies, has finally shattered the long-standing popular myth of the ‘pencil-using Leeds student. According to the survey, conducted over the past 20 years, less than 0.2% of the student body at Leeds admit to owning a pencil, let alone using one.</p>
 <p>“The importance of this research simply cannot be underestimated,” a spokesman for the university said on the Guardian website. “There’s clearly been a watershed in student behaviour over the past two decades”.</p>
 <p>The National Union of Students (NUS) was quick to play up the negative side of the researach. “This study shows that, without grants, few students can now afford to buy and maintain a pencil, even outside the M25,” said NUS President Kat Fletcher, herself a Leeds graduate.</p>
<h3>Fashion</h3>
<p><b>by TOBY CHISWICK</b></p>
<p>While in October the recommended haute couture outfit was a classic, yet daring combination of jeans, jacket, shoes and shirt, in either a ever-stylish combination of tonal shades or a daring thrilling contrast, this month Pi is lauding the boho chic of art students. So it seems the readership can rest assured that no matter what the wear, Pi will approve.</p>
<h3>Pester the Provost</h3>
<p><b>Pi asked MALCOLM GRANT a series of difficult, probing questions...</b></p>
 <p>Q1: Provost, why are you so clever and brilliant?</p>
 <p>Ha ha ha. Good question, thanks for asking. Well, it took years of practice. First I had to be a law professor at UCL and teach lovely students like yourselves. But some of it’s just a gift, really. I like to think of it like a sort of divine right. Anyway, I couldn’t be any worse than that tosser Roberts, could I?</p>
 <p>Q2: Are you pleased now we’re Sunday Times University of the Year?</p>
 <p>Oh yes, very pleased, very pleased indeed. This is a tribute to the fine academic standards...tradition of excellence...biochemistry...liberal tradition...(to be continued)</p>
"
,,Humour,Humour,2004-12-06,The Cheese Grater Guide to Christmas,"Ah, Christmas. The whole surviving family gathers round, a dog crackling merrily on the fire, and they all get their heads cut off. Or, if a Genghis Khan Christmas isn’t for you, try our tips, as suggested by Scary Boots...",Scary Boots,,," <p>Emergency Conversational Top ics for Christmas Social Events</p>
 <p>(for use with relatives, fringe acquaintances, and the Queen)</p>
 <p>“So, [insert name], where did you get the idea for such a staggering ly unattractive and unimaginative hair cut?”</p>
 <p>“Nice to see you haven’t changed the recipe for the cake! Oh, no, wait.. you haven’t changed the cake.”</p>
 <p>“Young people today, eh?”</p>
 <p>“What we need more of in this country are traditional family values. Traditional Family Values for Tradi tional Families. Don’t you agree, half step-uncle?”</p>
 <p>“Did anyone watch “Celebrity Temptation to Resume Coke Habit Island”?</p>
 <p>“You know, I was thinking just the other day how degrees mean noth ing in the real world and one can eas ily learn everything one requires from hands-on experience!”</p>
 <p>“Hey, does anyone else want to play a spirit-crushing board game with mind-numbingly complicated rules that only one branch of the family knows how to play and will take glee ful delight in explaining in ever more complex ways to everyone else, who will end up smiling bemusedly and politely and getting thrashed?”</p>
 <p>“As a token of my appreciation this Christmas, I have decided to give you a portion of all I have. Enjoy the debt.”</p>
 <p>“Yes, my hair is silly, isn’t it .. I can’t wait till I no long have any and don’t have to worry.”</p>
 <p>And if entirely desperate:</p>
 <p>“You know most murders take place at Christmas, and are commit ted by someone you know?”</p>"
,,Humour,Humour,2004-12-06,Christmas on TV,"If you’ve taken any of the advice opposite [The Cheese Grater Guide to Christmas], it’ll be time to barricade the door and settle down down to some good old Christmas telly. Here’s a preview and review...",Scary Boots,,," <p>I was reversing the Audi out of one of those badger-cul bolt-holes in St. John’s Wood — the ones that look as though they’ve been designed to take a tentful of Sudanese refugees and a packet of Corn Flakes, and no more — when the Bonde opened her mouth and said, “Look at the clouds; there not white, they’re just a whiter shade of grey.”</p>
 <p>Well, great. And that’s just what you’re getting for Christmas. Once again,the Tristrams have been doing their deadly work with life-affirming precision: “Above all, it’s got to be Christmassy.”</p>
 <p>I despair, I really do. Saying tel evsion at Christmas should be Christ massy is like being sodomised by a humpback whale and telling it to make it painful. I t goes so stupidly to the point that it never gets there at all, and hangs around pointlessly, like Sartre on an oil drum in Paris in ’68. What you must understand about Satre is, he had a lumpy old orange for a head. He actually had a lumpy old orange for a head. I mean, why didn’t Michel Foucault go up to him and tell him: “Monsieur Sartre, je regrette d’annoncer que vous avez une vielle orange pour une tête”? Ah, but it would have brightened things up a lit tle.</p>
 <p>Anyway, I suppose the lovely people at Times House want me to write something about this godforsak en sop to a decadent walrus’ family, so here it is. Judi Dench is thoroughly unwatchable; you’re better off with Del Boy. There, I’ve said it. Now leave me alone. I’m not writing about TV again till next Christmas.</p>"
,,Reviews,Reviews,2004-12-06,Pick of the Day,,Scary Boots,,," <p><b>PICK OF THE DAY</b></p>
 <p><b>Pride and Prejudice (BBC1, 18:30)</b>: a sub-standard reworking of Pride and Prejudice™; in this episode Lizzy Bennet™ spurns the advances of Mr Darcy™. How will Mr Darcy™ react? Will Lydia Bennet™ run off with the evil Mr. Wickham™? Brand-new drama sponsored by Mattell™.</p>
 <p><b>Donnie Darko (C4, 22:55)</b>: mind-bending film. Warning; features strong language, sentiments of a de pressing nature, scenes of mild violence towards a statue, one scene of strong peril, references of a sexual nature, 6ft grey-coloured bunny rabbit, 6ft orange coloured Patrick Swayze, accusations that Patrick Swazye's character is a pae dophile (his lawyers wish to state that Patrick Swayze is NOT, I repeat, NOT a real-life paedophile and is in fact a patron of a children's charity), contro versial speculation about the sexual practices of Smurfs/Smurfettes, deep ly unsatisfying ending. People of a nerv ous disposition or a tendency to think suicidal thoughts, lovers of sculpture, prudes and insominacs may wish to reconsider viewing this film.</p>
"
,,News,News,2004-12-06,Griff Rhys Jones to buy London Foot Hospital?,,René Lavanchy,,," <p>NO , WE’RE NOT making it up. The long-haired multi-million aire TV produc er, actor and pre senter of BBC’s Restoration pro gramme might possibly try to bring the Lon don Foot Hospi tal back to life.</p>
 <p>The LFH, based in Fitzrovia, was once site to UCL’s now-defunct podiatry course. After a futile cam paign last year to save the hospital, the building looks set to be sold off to some developer. However, sources close to Jones, who made £23 million when he sold his stake in nearby-based TV production company Talkback Thames 2000, tell us that he has recently con sidered forming a consortium to buy up and preserve the hospital. So far, however, no serious buyers appear to have come forward.</p>"
,,News,Union,2005-02-01,The Referendum,Union rats refuse to try to leave sinking ship,René Lavanchy,,"UCL Union’s delegation at the NUS Extraordinary Conference in Leeds, 16-17 June 2004"," <p>THE POWERS THAT BE at the Union have promised us a referendum on our affiliation to the National Un ion of Students, which costs us about £34,000 a year. So be it: after the mess last time, we need one. NUS is in a fix: it’s dominated by self-interested factions and appears to exist only to further the political career of their president. Last year, UCL Union made a list of reforms they required of NUS, before an extraordinary conference in June. The UCL delegation took the list with them. Here it is:</p>
 <p>1. To urge constituent members (CMs) to discuss NUS reform at their relevant student legislative body and work with the national executive com mittee (NEC) to reach new solutions.</p>
 <p>2. To ensure affiliation fees rep resent value for money to all CMs.</p>
 <p>3. To support proposals to make NUSSL [NUS’s intermediary between businesses and its members, that sup plies member Unions] membership non-contingent on NUS membership.</p>
 <p>4. To represent students.</p>
 <p>5. To remove 3h and 3i from the Constitution.</p>
 <p>6. To pursue charitable status.</p>
 <p>7. To end factionalism in the NUS.</p>
 <p>Union policy was: if the reforms were not implemented, the Union would campaign for a ‘no’ vote at a referendum on NUS. How times change! When NUS President Kat Fletcher met Union Executive last De cember, she promised that a number of reforms were ‘under review’, in cluding election resources for candi dates, the role of executive officers and financial expenditure. So none of what the Union asked for. Despite this mi nor glitch, the Union Exec has coura geously decided that NUS has re formed sufficiently. There will be no ‘no’ campaign, and sabbs will follow their own opinions (including those who want to get elected to NUS lat er).</p>
 <p>P.S. As if that wasn’t bad enough, Fletcher was asked if she would prom ise not to be on campus to interfere during the referendum. She said she would like to be here at UCL to an swer questions, like at Edinburgh, where students voted by a slim major ity (52%) to join NUS and hand over £50,000.</p>
 <p>P.P.S. For an indication of how helpful Kat Fletcher and friends were at Edinburgh, check the angry posts on the university Students’ Association web forum. NUS posters claimed that NUS had abolished top-up fees in Scotland, even though this was decid ed by the Scottish Executive in con junction with the Lib Dems...whose policy it had been for a while.</p>"
,,News,Union,2005-02-01,UCL Union Lines Up to Kick David Renton,The Education & Welfare Officer has been denounced as lazy and incompetent by many of his colleagues. Malcolm Granger reports,Malcolm Granger,,"The Sabbatical Suite, minus David Renton. Business as usual?","<p>UCL STUDENT LEADERS have begun secretly briefing against the Union’s Education and Welfare Offic er in a bid to focus attention on a “dire” record of achievement.</p>
 <p>David Renton, the former Anti Racism Officer of UCL Union and current sabbatical officer, has previous ly been criticised by student represent atives over his ambiguous stance to wards membership of the National Union of Students (NUS). But in re cent days, critics have intensified their anti-Renton rhetoric and alleged that he is “both apathetic and incompetent” in his management of important wel fare campaigns and duties.</p>
 <p>Several senior members of UCL Union Council, including executive officers, have cast aspersions on Rent on’s attitude to his job, for which Col lege pays him about £1,000 a month. Speaking anonymously to The Cheese Grater, officers noted Renton’s failure to attend Union meetings, his repeat ed and unexplained exits from meet ings of College and Union committees, and his constant absence from the sab batical office during prescribed hours of work.</p>
 <p>“Last year a lot of people knew Alex Coles. It’s not surprising that most students haven’t the foggiest who David is,” said one officer.</p>
 <p>Further evidence appears to back up claims about “the ghost officer”, with minutes of Campaigns Commit tee from September to December showing Renton’s repeated failure to attend or carry out his role of Secre tary, his early exit from meetings of Executive and even from an NUS brief ing on the day of the handover from his predecessor. “We were talking with the President of Bristol,” said one former officer. “And then David got up, yawned and said, “Well, I’m off to get drunk.” After he walked out, we were like, ‘What the hell?’”.</p>
 <p>Source after source speaks of Renton’s utter silence during most committees, including College ones. At the last meeting of the College Welfare & Equal Opportunities Com mittee, Renton was distinguished not only for saying nothing during the two hour session, but for antagonising a staff member before the meeting by claiming he had not been sent a copy of the agenda, and subsequently walk ing out early. Whilst staff members of the College declined to comment about Renton’s committee style, some offic ers with college contacts strongly sug gest that he is widely derided in offi cial circles. “He doesn’t say anything, he doesn’t put anything on the agen da, he doesn’t follow anything up with the College. Is it any wonder he’s a joke to them?”</p>
 <p>In the last two weeks, there has been increasing speculation as to whether Renton wishes to mount an electoral bid for the National Execu tive Committee (NEC) of the NUS. The Cheese Grater can state that these rumours are false and in response to an email inquiry, Renton claimed: “I first ‘found out’ that I was standing when a friend of mine told me to look at EdNet.”. Renton’s failure to quick ly quash these rumours seems to have provoked his domestic critics at UCL Union into acting against him.</p>
 <p>A no-confidence procedure is notoriously difficult to carry out against a serving Sabbatical Officer, and thus far no-one has mentioned any attempt to do so. But if criticism of such a high-ranking student union lead er continues – and he refuses to ad dress these complaints – then the many critics of UCL Union will continue to delight in attacking the E&W record. And that does not bode well for the next holder of that position.</p>"
,,Voices,Voices,2005-02-01,Pi Must Die,"It doesn’t do us justice. It’s no place for student journalists to hone their skills. It’s under the thumb of sabbatical officers, and it’s as exciting as a cheese sandwich.",René Lavanchy,,," <p>IN THE EDITORIAL to the latest issue of Pi on January 24th, stu dent editor Holly Falconer had excit ing news. At a meeting of UCL Union Council on 6 December, there had been “a motion that would disaffliate Pi from the Union...this motion was put forward by a certain ex-news edi tor of Pi...who visibly cringed as he walked past Pi editors...on his way into the meeting”. Fortunately, she re assured us, the Pi staff united under their editor to ensure that the motion was not passed. “Other motions put forward by this ‘mystery man’ and his friends were to create a separate MC officer whose sole responsibility would be Pi, disregarding the costs of such a proposition. Also, it was suggested we should scrap your beloved scrapbook as it was deemed immoral...”</p>
 <p>This grossly misleading piece, apparently motivated by animosity to wards the ‘mystery man’ (Dex Torricke Barton) obscured the intent behind what was in fact just one motion: to reform Pi. Pi is a disgrace to us. It has failed completely and consistently to hold the Union to account. Pi is cry ing out for a rethink. But its editors have thus far blocked all attempts to change the status quo, while a large number of staff are alleged to have quit this year.<p> <h3>Pi and the rest</h3> <p>Pi as it is now is overseen by a ‘chief editor’, the Media and Commu nications Officer (currently Alex Walsh). She is a sabbatical officer and a member of Union Executive.Beneath her is a ‘student editor’ and a ‘deputy editor’. But why? The system is prac tically unique. London Student, the other publication most visible to UCL students, has a sabb at its head too, but they are not an executive officer of the Union — their sole concern is to publish. Imperial College Union’s Felix has the same. The LSE Students’ Union paper The Beaver has a student editor in charge. Roar at King’s Col lege is unusual in using the same sys tem as Pi.</p>
 <p>That’s not the only difference that sets UCL apart. Why is there no weekly newspaper? The LSE and Im perial, who make up the Golden Tri angle of top-rank institutions with UCL and Oxbridge, both have one. London Student and Roar compromise with a fortnightly issue. Some colleges (LSE and Imperial again) publish both a newspaper and a less frequent maga zine, thus allowing students to help create both formats.</p>
 <p>But here at UCL, for all our money-grabbing campaigns; for all our annual turnover; for all our status as a contender on the global HE stage, all our students can cough up is one monthly magazine. And the magazine is enough to make you weep.</p>
 <h3>The state of Pi</h3>
 <p>Responsibility for Pi’s content lies with the student body; the layout, last time we looked, was done by the M & C Officer. While some of the articles are good, many are badly writ ten and crushingly boring (a pensée on CO2 emissions laws, anyone?) Arti cles appear to be used out of despera tion rather than choice (the Decem ber issue featured ‘how to microwave a light bulb’, an inadvisable thing to do). Without attacking individual writ ers, it has to be said that the standard of writing is often poor and sloppily done. Until Pi’s staff learn how to punctuate, spell their own names right and discover the difference between ‘affected’ and ‘effected’(to name but one clanger) nobody can or should take them seriously.</p>
 <p>Layout and design are, if any thing, worse than the content. Pi’s fun damental appearance has not changed for over a year. Practically everything is printed in one unattractive typeface (Switzerland), which being sans serif is harder on the eye. Text and graph ics jostle indecorously for space on the page, and columns can be idiotically broken up by oddly-shaped pictures. The images themselves are often pix ellated, suggesting that they have been culled from the Internet at the last minute. Student publications can look good, as Imperial College’s Felix dem onstrates. None of these faults, how ever is as worrying as Pi’s complete lack of editorial independence. And if you don’t think Pi gets censored, think again.</p>
 <h3>Pi Gagged</h3>
 <p>Under Alex Walsh’s tenure, sto ries for Pi have disappared or been cut. Last August a UCL student jumped to February 2005 TheCheeseGrater 5 their death from the Engineering build ing; London Student reported it, but Pi was silent. A then Pi staffer told The Cheese Grater that Prof. John Foreman, the Dean of Students, want ed the story removed. A story about UCL Union’s Christian Union was re moved to spare the society’s officers embarrasment, and an article on Ted Honderich by Dex Torricke-Barton was heavily cut at the instigation of Education and Welfare officer David Renton. So much, then, for Pi’s ob jectivity. Hardly surprising that a few of the staff got restless.</h3> <h3>Pi Eaten from Within</h3> <p>One such person was Pi news editor Dex Torricke-Barton (not a man whom this magazine has gone out of its way to praise - see issue 2). After his Honderich article was cut, Dex told a Pi meeting they had to reform. When this was ignored, he left and, by his account, took eight of Pi’s news reporters with him to LS, leaving An drew Ridge to run the show. Pi news man James Brady declined to comment to The Cheese Grater, suggesting the story is not entirely untrue. The put upon news desk had to make up extra author names for their articles: ‘Ste ven Scott’ and ‘James Evans’ have written a lot for Pi, but they don’t seem to be in the College directory. Dex de scribes his new job as LS news editor as a ‘promotion’.</p>
 <p>In December, Dex and others presented their ‘Vibrant Media’ mo tion to UCL Union Council. Contrary to Falconer’s editorial, it didn’t require for ‘a separate MC officer’; it merely encouraged the creation of a sabbati cal editor post for Pi. Nor did it call the scrapbook immoral; it simply said it painted a crude and unintellectual portrait of UCL students. While it re quired Pi to be disaffiliated, there is nothing wrong with that. Pi is not a normal society; it is under no risk of suspension or disaffiliation, its funds are assured and its officers don’t often bother to turn up to Arts Board. Dex did indeed resign at this meeting; so did Olivier Usher. The media motion was heavily amended by Frankie Rob erto (who might possibly have wanted to curry favour with the Pi staff, as he intends to run for M & C Officer) and passed without any changes to Pi.</p>
 <p>So it is unlikely that Pi will change, but change it must if it is to fulfil its obligations to us, the students. It must be made independent from the Union Executive, to resolve the M & C Officer’s massive and glaringly ob vious conflict of interest.</p>
 <p>And finally: for the last time, the fact that Jonathan Dimbleby used to edit Pi is not evidence of what it can do for your career. Dimbleby owes his job to the fact that his father Richard was a BBC broadcaster. And besides, he’s not even very good.</p>"
,,Humour,Satire,2005-02-01,Heaven accused of 'dumbing down',Is Paradise lowering standards in the race for inclusiveness?,Nikolai Morofski,,," <p>A REPORT commissioned by Associated Churches has found that Heaven has significantly lowered its entrance requirements. Comparing Heaven’s gate policy of the 21st cen tury with only five hundred years ago showed a marked 1000% increase in those allowed into Heaven, even after adjusting for population density. “It used to be harder for a rich man to get into Heaven than for a camel to pass through an eye of a needle,” said one dismayed theist. “Now anyone who has made a donation to the tsunami appeal or ever helped an old lady across the street is practically guaranteed a place.” The report concludes the marked increase is due to generations of philosophies and sciences that mit igate people’s responsibility for their actions. Whereas before, Heaven made a decision based on the number and gravity of sins committed by persons, new government guidelines demand it take into account the background of the souls. Their socio-ethic background must all be considered. In addition, Heaven is no longer allowed to dis criminate on the basis of race, gender, sexuality, genetics or even the religion of the person. All these added factors almost entirely rule out any personal moral responsibility.</p>
 <p>“The only people we still refused into Heaven are murderers, rapists and journalists; but our policy on murder ers is currently under review,” St Pe ter announced as he looked over a clearing application for a suicide bomber who was guaranteed a place in heaven when still on the earth. The rise in entrants has also corresponded to a higher dropout rate.</p>
 <p>“People seem to assume that Heaven is a place for everyone,” Sa tan’s official spokesman said, “but this is simply not the case…[a late homo sexual] recently returned to my flock after explaining that the sort of ecsta sy given to him in Heaven was not for him (He should have gone to the oth er Heaven, where it can be obtained for little, if anything — Ed.). In mod ern times, when people have very dif ferent conceptions of the good, remem ber that we offer a wide variety of Af terlife solutions. Many will achieve and enjoy themselves more in Hell.”</p>
"
,,Humour,Humour,2005-02-01,Girl finds dignity on side of pavement,,Rusty Wood,,," <p>FOLLOWING a worrying 10 minutes in which she thought she had lost it forever, Lucy Hutch successful ly found her dignity floating away in her sick that adorned the side of the pavement on Gordon Street. Lucy’s support network of inebriated, shout ing girlfriends rallied round as soon as she realised that it had gone miss ing and together they successfully ex ploited a group of first year hopefuls by promising to ‘make it up to them’. One of these boys, Justin Bitmore from Naples, luckily stumbled across and fell into Lucy’s regurgitated stomach lining, peppered with sweetcorn and spaghetti hoops. Lucy’s dignity was successfully fished out and returned to her, before she promptly threw it up again on the bus (253) home. Trans port for London have said they have not found Lucy’s dignity, citing the possibility that it seeped out of the back door when the girls were thrown off the bus. When asked if the current state of leglessness that prevails amongst women in UCL Union was a bad thing for the College’s image, Clubs, Societies & Student Develop ment Officer Liz Oglesby promptly ignored the question and continued to pull out the bacon bits from her hair. A memento of last night, surely.</p>"
,,Humour,Humour,2005-02-01,The Private Life of Students,A personal view of a fascinating species by David Attenborough,Uncredited,,"A triumphant Attenborough after discovering no less than 22 of the rare breed of ‘student politician’, in an otherwise prosperous  and well-adjusted area of central London."," <p>Attenborough: This... is the UCL Bloomsbury Theatre. I’m crouching behind one of these crates of orange Reef outside the bar, and trying to keep quiet, because I don’t want to disturb the very, very rare creatures who, eve ry year, make this place their home.</p>
 <p>And here they come. Here, in the heart of thousands of ordinary peo ple, live a tiny offshoot of the species, known as the ‘student politicians’. And within this group lives an even small er pack. These are the extremely rare breed of student politician who, every year, perform the arcane ritual called an ‘Annual General Meeting’.</p>
 <p>And there’s another one! That’s two so far.</p>
 <p>It seems that the sheer smallness of this sub-species, whose only physi cal characteristic is a small, flat, rec tangular pink appendage to the hand, is down to natural selection. These creatures are simply incapable of adapt ing to the pressures of life outside in the open. And so, they take shelter in familiar, protective surroundings, such as this dark, musty theatre, or in the spaces between the lever arch files in the minutes archive on the fourth floor of 25 Gordon Street. And now, I’ll be very quiet, because I think one of the dominant males - a proud, aggressive macho figure - is about to speak.</p>
 <p>Nigel Harris: Hello...</p>
 <p>Attenborough: This is a mem ber of the dominant faction, who con trol all the student politicians’ activi ties. Whilst virtually unheard of and ignored by the greater species, they are a huge and domineering presence among the student politicians. To re inforce the closed nature of their trib al group, they communicate in an ob scure language which has baffled all attempts at decipherment. It is called ‘standing orders’. For a dominant sub species member to talk in ‘standing orders’ is to signal to their inferiors that this is a matter they cannot un derstand, let alone control.</p>
 <p>But wait! I think one of the infe rior creatures is actualluy about to re ply to the dominant male - to chal lenge him!</p>
 <p>Pei Chi Wong: I want to call quorum.</p>
 <p>Attenborough: And, the effect is astounding. The dominant species are cowed. The strange, irrational force of this call has an almost mesmeric effect. Some of the student politicians clearly look relaxed; they’re standing up and, yes, moving towards the near est fire exit. Others, however, are look ing with hostility at the upstart spe cies member. Nobody can say for sure what these rituals mean. But despite their apparent irrelevance to anything else going on anywhere, this dogged breed continues its activities year af ter year. Some say that it is a way of gaining favour and influence within the species. But if this is all they know how to do, how can they progress to any real-world environment?</p>"
